{"stats":{"minecraft:killed":{"minecraft:skeleton":1,"minecraft:zombie":7},"minecraft:used":{"minecraft:netherite_sword":23,"minecraft:dirt":9,"minecraft:flint_and_steel":1,"minecraft:tnt":85,"minecraft:shield":42,"minecraft:stone":120,"minecraft:zombie_spawn_egg":8},"minecraft:mined":{"minecraft:grass_block":9},"minecraft:picked_up":{"minecraft:bone":2,"minecraft:rotten_flesh":8,"minecraft:dirt":9,"minecraft:cobblestone":16},"minecraft:custom":{"minecraft:time_since_rest":9024,"minecraft:crouch_one_cm":559,"minecraft:sprint_one_cm":6136,"minecraft:play_time":9024,"minecraft:damage_taken":204,"minecraft:walk_one_cm":20385,"minecraft:sneak_time":227,"minecraft:damage_blocked_by_shield":935,"minecraft:mob_kills":8,"minecraft:jump":129,"minecraft:damage_dealt":1436,"minecraft:leave_game":2,"minecraft:time_since_death":9024,"minecraft:total_world_time":9024,"minecraft:fall_one_cm":6218,"minecraft:fly_one_cm":31993}},"DataVersion":3120}