{"stats":{"minecraft:custom":{"minecraft:time_since_rest":346,"minecraft:sprint_one_cm":14143,"minecraft:walk_one_cm":42004,"minecraft:damage_taken":774,"minecraft:damage_blocked_by_shield":935,"minecraft:mob_kills":15,"minecraft:damage_dealt":3073,"minecraft:damage_dealt_absorbed":936,"minecraft:talked_to_villager":7,"minecraft:fly_one_cm":64812,"minecraft:crouch_one_cm":879,"minecraft:play_time":23347,"minecraft:deaths":3,"minecraft:sneak_time":543,"minecraft:damage_dealt_resisted":408,"minecraft:jump":224,"minecraft:leave_game":3,"minecraft:time_since_death":223,"minecraft:total_world_time":23347,"minecraft:fall_one_cm":11090},"minecraft:killed_by":{"minecraft:skeleton":1,"born_in_chaos_v1:dread_hound":1,"minecraft:creeper":1},"minecraft:picked_up":{"undead_unleashed:demon_horn":1,"undead_unleashed:ghost_pepper":1,"minecraft:dirt":16,"minecraft:bone":2,"minecraft:rotten_flesh":10,"minecraft:cobblestone":16},"minecraft:mined":{"minecraft:grass_block":16},"minecraft:killed":{"minecraft:skeleton":1,"minecraft:zombie":7,"boh:demogorgon":1,"mushys_fallen_monsters:rainbow_drake":1,"aether:aerwhale":1,"undead_unleashed:flamebreather":1},"minecraft:used":{"boh:ben_drowned_spawn_egg":1,"minecraft:netherite_sword":23,"undead_unleashed:flamebreather_spawn_egg":1,"tenebrous_lands:scarecrow_spawn_egg":4,"minecraft:villager_spawn_egg":1,"tenebrous_lands:skinwalker_spawn_egg":2,"minecraft:flint_and_steel":1,"minecraft:grass_block":9,"tenebrous_lands:tartarus_spawn_egg":2,"horror_element_mod:severed_hand":2,"horror_element_mod:hazzmat_head":2,"aether:aerwhale_spawn_egg":1,"born_in_chaos_v1:nightmare_stalker_spawn_egg":4,"minecraft:shield":42,"aether:holy_sword":8,"minecraft:stone":120,"minecraft:zombie_spawn_egg":9,"horror_element_mod:sliced_body":1,"aether:valkyrie_lance":8,"minecraft:torch":27,"minecraft:dirt":17,"tenebrous_lands:demogon_spawn_egg":2,"mushys_fallen_monsters:rainbow_drake_spawn_egg":2,"minecraft:tnt":85,"boh:demogorgon_spawn_egg":1,"tenebrous_lands:siege_sword":24,"endofherobrine:zombie_villager_spawn_egg":1,"boh:jeff_the_killer_spawn_egg":1,"born_in_chaos_v1:decaying_zombie_not_despawn_spawn_egg":1}},"DataVersion":3120}