{"stats":{"minecraft:mined":{"minecraft:dandelion":1,"minecraft:grass_block":1,"minecraft:jungle_planks":1,"minecraft:jungle_log":4,"minecraft:cobblestone":9,"minecraft:lily_pad":1,"butchersdelight:deadpigblock":9,"minecraft:sandstone":2,"minecraft:hay_block":1,"minecraft:furnace":1,"regions_unexplored:sandy_tall_grass":1,"realmrpg_skeletons:acrobat_skeleton":1,"regions_unexplored:redwood_planks":6,"treechop:chopped_log":1,"regions_unexplored:sandy_grass":1,"hexerei:mahogany_planks":11,"minecraft:grass":14,"minecraft:vine":1,"minecraft:sand":19,"minecraft:dirt":10,"minecraft:stone":36,"regions_unexplored:redwood_log":1,"minecraft:fern":3},"minecraft:dropped":{"hexerei:animal_fat":4,"minecraft:cooked_porkchop":7,"hexerei:mahogany_sapling":1,"minecraft:cooked_mutton":1,"regions_unexplored:redwood_door":4,"regions_unexplored:redwood_log":9},"minecraft:killed":{"minecraft:pig":7,"cataclysm:lionfish":1},"minecraft:crafted":{"minecraft:wooden_shovel":1,"minecraft:crafting_table":1,"minecraft:wooden_pickaxe":1,"minecraft:furnace":1,"hexerei:mahogany_planks":40,"minecraft:stone_axe":1,"minecraft:bread":3,"minecraft:jungle_planks":12,"regions_unexplored:redwood_planks":200,"minecraft:stick":12,"regions_unexplored:redwood_door":6,"minecraft:stone_pickaxe":1,"minecraft:stone_sword":1,"minecraft:wheat":9},"minecraft:custom":{"minecraft:interact_with_furnace":1,"minecraft:mob_kills":10,"minecraft:interact_with_crafting_table":9,"minecraft:leave_game":1,"minecraft:time_since_death":19726,"minecraft:climb_one_cm":390,"minecraft:time_since_rest":19749,"minecraft:sprint_one_cm":92592,"minecraft:walk_one_cm":99166,"minecraft:damage_taken":2283,"minecraft:drop":23,"minecraft:damage_dealt":1544,"minecraft:swim_one_cm":16038,"minecraft:fly_one_cm":201273,"minecraft:crouch_one_cm":2224,"minecraft:play_time":54474,"minecraft:deaths":6,"minecraft:sneak_time":2360,"minecraft:walk_under_water_one_cm":6868,"minecraft:jump":1119,"minecraft:walk_on_water_one_cm":11354,"minecraft:total_world_time":54474,"minecraft:fall_one_cm":20270},"minecraft:used":{"minecraft:cooked_mutton":1,"minecraft:stone_sword":52,"minecraft:stone_pickaxe":25,"minecraft:wooden_pickaxe":28,"minecraft:sandstone":1,"minecraft:wooden_shovel":31,"minecraft:cookie":4,"minecraft:sand":19,"regions_unexplored:redwood_planks":46,"minecraft:crafting_table":1,"minecraft:jungle_planks":12,"regions_unexplored:redwood_door":2,"minecraft:black_bed":1,"hexerei:mahogany_sapling":1,"minecraft:bread":3,"minecraft:jungle_log":1,"minecraft:stone_axe":59,"minecraft:cobblestone":13,"minecraft:furnace":2,"minecraft:cooked_porkchop":6},"minecraft:picked_up":{"minecraft:jungle_log":4,"butchersdelight:deadpig":16,"minecraft:oak_log":2,"minecraft:dirt":11,"minecraft:cooked_mutton":2,"minecraft:bone":7,"minecraft:wheat_seeds":1,"regions_unexplored:redwood_sapling":21,"minecraft:cobweb":6,"hexerei:mahogany_sapling":3,"regions_unexplored:redwood_planks":67,"regions_unexplored:redwood_log":178,"minecraft:furnace":1,"hexerei:animal_fat":6,"minecraft:stick":20,"minecraft:sandstone":1,"hexerei:mahogany_log":10,"minecraft:cooked_porkchop":21,"minecraft:dandelion":1,"minecraft:sand":19,"hexerei:mahogany_planks":2,"minecraft:cookie":4,"cataclysm:lionfish":1,"minecraft:stone_axe":1,"minecraft:hay_block":1,"minecraft:oak_sapling":1,"minecraft:cobblestone":44},"minecraft:killed_by":{"minecraft:player":2,"cataclysm:deepling_brute":4}},"DataVersion":3120}