{"stats":{"minecraft:dropped":{"hexerei:animal_fat":4,"minecraft:cooked_porkchop":6,"hexerei:mahogany_sapling":1},"minecraft:mined":{"minecraft:hay_block":1,"realmrpg_skeletons:acrobat_skeleton":1,"regions_unexplored:redwood_planks":1,"treechop:chopped_log":1,"minecraft:grass":1,"minecraft:grass_block":1,"minecraft:vine":1,"minecraft:jungle_log":4,"minecraft:sand":19,"minecraft:dirt":9,"minecraft:cobblestone":9,"minecraft:stone":36,"regions_unexplored:redwood_log":1,"butchersdelight:deadpigblock":9,"minecraft:sandstone":2,"minecraft:fern":3},"minecraft:killed":{"minecraft:pig":7},"minecraft:crafted":{"regions_unexplored:redwood_planks":200,"minecraft:wooden_shovel":1,"minecraft:stick":12,"minecraft:wooden_pickaxe":1,"minecraft:stone_pickaxe":1,"minecraft:stone_sword":1,"minecraft:stone_axe":1,"hexerei:mahogany_planks":40,"minecraft:bread":3,"minecraft:wheat":9,"minecraft:jungle_planks":12},"minecraft:custom":{"minecraft:time_since_rest":22328,"minecraft:sprint_one_cm":40659,"minecraft:damage_taken":475,"minecraft:walk_one_cm":53821,"minecraft:mob_kills":7,"minecraft:drop":8,"minecraft:damage_dealt":752,"minecraft:swim_one_cm":314,"minecraft:interact_with_crafting_table":3,"minecraft:fly_one_cm":111985,"minecraft:crouch_one_cm":1903,"minecraft:play_time":23633,"minecraft:deaths":1,"minecraft:walk_under_water_one_cm":112,"minecraft:sneak_time":1386,"minecraft:jump":510,"minecraft:walk_on_water_one_cm":702,"minecraft:time_since_death":22291,"minecraft:total_world_time":23633,"minecraft:climb_one_cm":374,"minecraft:fall_one_cm":13050},"minecraft:used":{"hexerei:mahogany_sapling":1,"minecraft:stone_sword":19,"minecraft:bread":3,"minecraft:stone_pickaxe":23,"minecraft:jungle_log":1,"minecraft:wooden_pickaxe":28,"minecraft:sandstone":1,"minecraft:wooden_shovel":30,"minecraft:stone_axe":42,"minecraft:cookie":4,"minecraft:sand":19,"minecraft:cobblestone":13,"regions_unexplored:redwood_planks":3,"minecraft:cooked_porkchop":1},"minecraft:picked_up":{"hexerei:animal_fat":6,"minecraft:stick":20,"minecraft:sandstone":1,"hexerei:mahogany_log":10,"minecraft:cooked_porkchop":21,"minecraft:jungle_log":4,"minecraft:sand":19,"butchersdelight:deadpig":16,"minecraft:cookie":4,"minecraft:dirt":10,"minecraft:bone":7,"minecraft:stone_axe":1,"minecraft:hay_block":1,"regions_unexplored:redwood_sapling":21,"hexerei:mahogany_sapling":2,"regions_unexplored:redwood_planks":1,"regions_unexplored:redwood_log":178,"minecraft:cobblestone":44},"minecraft:killed_by":{"minecraft:player":1}},"DataVersion":3120}