{"stats":{"minecraft:mined":{"realmrpg_skeletons:acrobat_skeleton":1,"treechop:chopped_log":1,"minecraft:grass_block":1,"minecraft:vine":1,"minecraft:jungle_log":4,"minecraft:sand":19,"minecraft:dirt":9,"minecraft:cobblestone":1,"minecraft:stone":26,"butchersdelight:deadpigblock":2,"minecraft:sandstone":2},"minecraft:dropped":{"hexerei:animal_fat":4},"minecraft:killed":{"minecraft:pig":7},"minecraft:crafted":{"minecraft:wooden_shovel":1,"minecraft:stick":12,"minecraft:wooden_pickaxe":1,"minecraft:stone_pickaxe":1,"minecraft:stone_sword":1,"minecraft:stone_axe":1,"hexerei:mahogany_planks":40,"minecraft:jungle_planks":12},"minecraft:custom":{"minecraft:time_since_rest":10328,"minecraft:sprint_one_cm":14158,"minecraft:damage_taken":405,"minecraft:walk_one_cm":19789,"minecraft:mob_kills":7,"minecraft:drop":3,"minecraft:damage_dealt":630,"minecraft:interact_with_crafting_table":2,"minecraft:fly_one_cm":42664,"minecraft:crouch_one_cm":436,"minecraft:play_time":11633,"minecraft:deaths":1,"minecraft:sneak_time":682,"minecraft:jump":199,"minecraft:time_since_death":10291,"minecraft:total_world_time":11633,"minecraft:climb_one_cm":60,"minecraft:fall_one_cm":4472},"minecraft:used":{"hexerei:mahogany_sapling":1,"minecraft:stone_sword":15,"minecraft:stone_pickaxe":1,"minecraft:wooden_pickaxe":28,"minecraft:sandstone":1,"minecraft:wooden_shovel":30,"minecraft:stone_axe":5,"minecraft:cookie":4,"minecraft:sand":19,"minecraft:cobblestone":5},"minecraft:picked_up":{"hexerei:animal_fat":4,"minecraft:sandstone":1,"hexerei:mahogany_log":10,"minecraft:jungle_log":3,"minecraft:sand":19,"butchersdelight:deadpig":9,"minecraft:cookie":4,"minecraft:dirt":10,"minecraft:stone_axe":1,"hexerei:mahogany_sapling":2,"minecraft:cobblestone":27},"minecraft:killed_by":{"minecraft:player":1}},"DataVersion":3120}