{"stats":{"minecraft:mined":{"minecraft:grass_block":1,"minecraft:jungle_log":4,"minecraft:cobblestone":9,"minecraft:lily_pad":1,"butchersdelight:deadpigblock":9,"minecraft:sandstone":2,"minecraft:hay_block":1,"regions_unexplored:sandy_tall_grass":1,"realmrpg_skeletons:acrobat_skeleton":1,"regions_unexplored:redwood_planks":1,"treechop:chopped_log":1,"regions_unexplored:sandy_grass":1,"hexerei:mahogany_planks":6,"minecraft:grass":12,"minecraft:vine":1,"minecraft:sand":19,"minecraft:dirt":10,"minecraft:stone":36,"regions_unexplored:redwood_log":1,"minecraft:fern":3},"minecraft:dropped":{"hexerei:animal_fat":4,"minecraft:cooked_porkchop":6,"hexerei:mahogany_sapling":1},"minecraft:killed":{"minecraft:pig":7,"cataclysm:lionfish":1},"minecraft:crafted":{"minecraft:wooden_shovel":1,"minecraft:wooden_pickaxe":1,"hexerei:mahogany_planks":40,"minecraft:stone_axe":1,"minecraft:bread":3,"minecraft:jungle_planks":12,"regions_unexplored:redwood_planks":200,"minecraft:stick":12,"minecraft:stone_pickaxe":1,"minecraft:stone_sword":1,"minecraft:wheat":9},"minecraft:custom":{"minecraft:mob_kills":9,"minecraft:interact_with_crafting_table":3,"minecraft:time_since_death":885,"minecraft:climb_one_cm":390,"minecraft:time_since_rest":908,"minecraft:sprint_one_cm":66709,"minecraft:walk_one_cm":71502,"minecraft:damage_taken":2093,"minecraft:drop":8,"minecraft:damage_dealt":1292,"minecraft:swim_one_cm":16038,"minecraft:fly_one_cm":162952,"minecraft:crouch_one_cm":2137,"minecraft:play_time":35633,"minecraft:deaths":6,"minecraft:sneak_time":1652,"minecraft:walk_under_water_one_cm":5532,"minecraft:jump":852,"minecraft:walk_on_water_one_cm":7704,"minecraft:total_world_time":35633,"minecraft:fall_one_cm":17300},"minecraft:used":{"minecraft:stone_sword":42,"minecraft:stone_pickaxe":24,"minecraft:wooden_pickaxe":28,"minecraft:sandstone":1,"minecraft:wooden_shovel":31,"minecraft:cookie":4,"minecraft:sand":19,"regions_unexplored:redwood_planks":20,"hexerei:mahogany_sapling":1,"minecraft:bread":3,"minecraft:jungle_log":1,"minecraft:stone_axe":48,"minecraft:cobblestone":13,"minecraft:cooked_porkchop":4},"minecraft:picked_up":{"minecraft:jungle_log":4,"butchersdelight:deadpig":16,"minecraft:oak_log":2,"minecraft:dirt":11,"minecraft:bone":7,"minecraft:wheat_seeds":1,"regions_unexplored:redwood_sapling":21,"minecraft:cobweb":6,"hexerei:mahogany_sapling":3,"regions_unexplored:redwood_planks":65,"regions_unexplored:redwood_log":178,"hexerei:animal_fat":6,"minecraft:stick":20,"minecraft:sandstone":1,"hexerei:mahogany_log":10,"minecraft:cooked_porkchop":21,"minecraft:sand":19,"hexerei:mahogany_planks":2,"minecraft:cookie":4,"cataclysm:lionfish":1,"minecraft:stone_axe":1,"minecraft:hay_block":1,"minecraft:oak_sapling":1,"minecraft:cobblestone":44},"minecraft:killed_by":{"minecraft:player":2,"cataclysm:deepling_brute":4}},"DataVersion":3120}