{"stats":{"minecraft:mined":{"minecraft:mossy_cobblestone":1,"minecraft:cornflower":1,"butchersdelight:deadsheepblock":1,"minecraft:grass_block":3,"minecraft:tall_grass":8,"minecraft:cobblestone":5,"minecraft:wall_torch":3,"treechop:chopped_log":1,"minecraft:grass":38,"minecraft:vine":1,"minecraft:yellow_concrete":4,"minecraft:sand":22,"minecraft:dirt":9,"minecraft:stone_bricks":3,"minecraft:stone":30,"immersiveengineering:ore_aluminum":4,"minecraft:tripwire":2,"minecraft:fern":1},"minecraft:dropped":{"minecraft:stone_axe":1,"minecraft:stone_sword":1,"immersiveengineering:raw_aluminum":4,"minecraft:cobweb":1,"minecraft:torch":1,"minecraft:wooden_pickaxe":1},"minecraft:killed":{"minecraft:cave_spider":2,"minecraft:spider":4,"minecraft:sheep":11},"minecraft:crafted":{"minecraft:crafting_table":1,"minecraft:wooden_pickaxe":2,"minecraft:stone_axe":2,"minecraft:jungle_planks":24,"minecraft:stick":16,"minecraft:stone_pickaxe":2,"minecraft:stone_sword":1},"minecraft:custom":{"minecraft:mob_kills":16,"minecraft:interact_with_crafting_table":5,"minecraft:time_since_death":2962,"minecraft:climb_one_cm":580,"minecraft:time_since_rest":3000,"minecraft:sprint_one_cm":62714,"minecraft:damage_taken":1060,"minecraft:walk_one_cm":61235,"minecraft:drop":9,"minecraft:damage_dealt":1856,"minecraft:swim_one_cm":30773,"minecraft:fly_one_cm":81795,"minecraft:player_kills":1,"minecraft:open_chest":3,"minecraft:crouch_one_cm":1073,"minecraft:play_time":28550,"minecraft:deaths":4,"minecraft:sneak_time":1609,"minecraft:walk_under_water_one_cm":15471,"minecraft:jump":495,"minecraft:walk_on_water_one_cm":18077,"minecraft:total_world_time":28550,"minecraft:fall_one_cm":10214},"minecraft:used":{"minecraft:stone_sword":65,"minecraft:stone_pickaxe":28,"minecraft:wooden_pickaxe":53,"minecraft:torch":3,"minecraft:sand":1,"minecraft:crafting_table":1,"minecraft:stone_bricks":3,"minecraft:stone_axe":18,"minecraft:cobblestone":12,"minecraft:cooked_porkchop":1},"minecraft:picked_up":{"minecraft:jungle_log":6,"minecraft:brown_wool":1,"minecraft:wooden_pickaxe":1,"minecraft:dirt":12,"minecraft:string":6,"minecraft:bone":1,"minecraft:stone_bricks":3,"minecraft:kelp":11,"minecraft:wheat_seeds":6,"minecraft:cobweb":1,"hexerei:mahogany_sapling":1,"minecraft:stick":2,"minecraft:cooked_porkchop":3,"minecraft:yellow_concrete":1,"minecraft:torch":4,"immersiveengineering:raw_aluminum":8,"minecraft:jungle_planks":28,"minecraft:sand":22,"undead_unleashed:grave_metal_scrap":1,"minecraft:spider_eye":2,"minecraft:mossy_cobblestone":1,"hexerei:sage_seed":3,"minecraft:stone_sword":1,"butchersdelight:deadsheep":11,"minecraft:rotten_flesh":2,"immersiveengineering:seed":7,"minecraft:black_wool":3,"minecraft:white_wool":6,"minecraft:cobblestone":34},"minecraft:killed_by":{"minecraft:sheep":1,"minecraft:spider":1,"minecraft:drowned":1}},"DataVersion":3120}