{"stats":{"minecraft:mined":{"minecraft:mossy_cobblestone":1,"minecraft:cornflower":1,"butchersdelight:deadsheepblock":1,"minecraft:grass_block":3,"minecraft:campfire":1,"minecraft:tall_grass":9,"minecraft:cobblestone":5,"minecraft:wall_torch":4,"treechop:chopped_log":2,"minecraft:grass":42,"minecraft:oak_log":3,"minecraft:vine":1,"minecraft:yellow_concrete":4,"minecraft:sand":22,"minecraft:dirt":9,"minecraft:stone_bricks":3,"minecraft:stone":30,"minecraft:oak_leaves":3,"immersiveengineering:ore_aluminum":4,"minecraft:tripwire":2,"minecraft:fern":1},"minecraft:dropped":{"minecraft:stone_axe":1,"minecraft:stone_sword":1,"butchersdelight:roaster":1,"butchersdelight:deadsheep":1,"hexerei:mahogany_sapling":1,"immersiveengineering:raw_aluminum":4,"minecraft:cooked_mutton":2,"undead_unleashed:grave_metal_scrap":1,"minecraft:cobweb":7,"minecraft:torch":1,"minecraft:charcoal":2,"minecraft:wooden_pickaxe":1},"minecraft:killed":{"minecraft:cave_spider":2,"minecraft:spider":4,"minecraft:sheep":11,"cataclysm:deepling_brute":1,"cataclysm:deepling":1,"boh:jeff_the_killer":1},"minecraft:crafted":{"minecraft:crafting_table":1,"minecraft:wooden_pickaxe":2,"minecraft:stone_axe":2,"minecraft:jungle_planks":24,"minecraft:stick":16,"minecraft:stone_pickaxe":2,"minecraft:stone_sword":1},"minecraft:custom":{"minecraft:interact_with_furnace":7,"minecraft:mob_kills":19,"minecraft:interact_with_crafting_table":7,"minecraft:time_since_death":1181,"minecraft:climb_one_cm":750,"minecraft:time_since_rest":1213,"minecraft:sprint_one_cm":158429,"minecraft:damage_taken":4399,"minecraft:walk_one_cm":145317,"minecraft:drop":17,"minecraft:damage_dealt":2534,"minecraft:swim_one_cm":69422,"minecraft:fly_one_cm":235588,"minecraft:player_kills":1,"minecraft:open_chest":3,"minecraft:crouch_one_cm":1491,"minecraft:play_time":64550,"minecraft:deaths":14,"minecraft:sneak_time":1771,"minecraft:walk_under_water_one_cm":24028,"minecraft:jump":1286,"minecraft:walk_on_water_one_cm":40566,"minecraft:total_world_time":64550,"minecraft:fall_one_cm":24740},"minecraft:used":{"minecraft:cooked_mutton":5,"minecraft:stone_sword":82,"minecraft:stone_pickaxe":29,"minecraft:wooden_pickaxe":53,"minecraft:torch":10,"minecraft:sand":10,"hexerei:mahogany_planks":2,"minecraft:crafting_table":1,"minecraft:stone_bricks":3,"minecraft:stone_axe":30,"minecraft:cobblestone":14,"minecraft:cooked_porkchop":3},"minecraft:picked_up":{"minecraft:charcoal":2,"minecraft:jungle_log":6,"minecraft:brown_wool":1,"minecraft:wooden_pickaxe":1,"minecraft:dirt":13,"minecraft:string":6,"minecraft:cooked_mutton":30,"minecraft:bone":11,"minecraft:stone_bricks":3,"minecraft:kelp":11,"minecraft:wheat_seeds":6,"minecraft:cobweb":1,"hexerei:mahogany_sapling":1,"regions_unexplored:redwood_log":3,"minecraft:stick":2,"minecraft:sandstone":8,"minecraft:cooked_porkchop":4,"minecraft:yellow_concrete":1,"minecraft:torch":5,"hexerei:mahogany_planks":5,"immersiveengineering:raw_aluminum":8,"minecraft:jungle_planks":29,"minecraft:sand":27,"undead_unleashed:grave_metal_scrap":1,"minecraft:spider_eye":2,"minecraft:mossy_cobblestone":1,"hexerei:sage_seed":7,"minecraft:stone_sword":1,"butchersdelight:deadsheep":12,"minecraft:rotten_flesh":2,"immersiveengineering:seed":7,"butchersdelight:roaster":1,"minecraft:black_wool":3,"minecraft:coal":1,"minecraft:white_wool":6,"minecraft:cobblestone":34},"minecraft:killed_by":{"minecraft:wither_skeleton":2,"minecraft:sheep":1,"cataclysm:deepling_brute":6,"minecraft:creeper":1,"minecraft:spider":1,"minecraft:enderman":1,"minecraft:drowned":1}},"DataVersion":3120}