{"stats":{"minecraft:dropped":{"minecraft:stone_axe":1,"minecraft:wooden_pickaxe":1},"minecraft:mined":{"minecraft:grass":2,"minecraft:grass_block":3,"minecraft:vine":1,"minecraft:dirt":9,"minecraft:stone":23,"treechop:chopped_log":1,"immersiveengineering:ore_aluminum":4},"minecraft:crafted":{"minecraft:stone_axe":1,"minecraft:crafting_table":1,"minecraft:stick":4,"minecraft:stone_pickaxe":1,"minecraft:wooden_pickaxe":1,"minecraft:jungle_planks":24},"minecraft:custom":{"minecraft:time_since_rest":4550,"minecraft:crouch_one_cm":158,"minecraft:play_time":4550,"minecraft:sprint_one_cm":6990,"minecraft:walk_one_cm":6470,"minecraft:sneak_time":106,"minecraft:drop":2,"minecraft:jump":42,"minecraft:time_since_death":4550,"minecraft:total_world_time":4550,"minecraft:climb_one_cm":182,"minecraft:interact_with_crafting_table":3,"minecraft:fall_one_cm":209,"minecraft:fly_one_cm":4764},"minecraft:used":{"minecraft:crafting_table":1,"minecraft:stone_pickaxe":20,"minecraft:wooden_pickaxe":21},"minecraft:picked_up":{"minecraft:stick":2,"minecraft:jungle_log":6,"minecraft:wooden_pickaxe":1,"minecraft:wheat_seeds":1,"immersiveengineering:raw_aluminum":4,"minecraft:dirt":12,"minecraft:cobblestone":22}},"DataVersion":3120}