{"stats":{"minecraft:mined":{"minecraft:mossy_cobblestone":1,"treechop:chopped_log":1,"minecraft:grass":13,"minecraft:grass_block":3,"minecraft:vine":1,"minecraft:dirt":9,"minecraft:tall_grass":3,"minecraft:cobblestone":5,"minecraft:stone":29,"minecraft:stone_bricks":3,"immersiveengineering:ore_aluminum":4,"minecraft:tripwire":2,"minecraft:fern":1},"minecraft:dropped":{"minecraft:stone_axe":1,"immersiveengineering:raw_aluminum":4,"minecraft:wooden_pickaxe":1},"minecraft:killed":{"minecraft:sheep":11,"minecraft:cave_spider":2,"minecraft:spider":4},"minecraft:crafted":{"minecraft:crafting_table":1,"minecraft:stick":16,"minecraft:wooden_pickaxe":2,"minecraft:stone_pickaxe":2,"minecraft:stone_sword":1,"minecraft:stone_axe":2,"minecraft:jungle_planks":24},"minecraft:custom":{"minecraft:time_since_rest":5578,"minecraft:sprint_one_cm":48061,"minecraft:walk_one_cm":40703,"minecraft:damage_taken":600,"minecraft:mob_kills":16,"minecraft:drop":6,"minecraft:damage_dealt":1856,"minecraft:interact_with_crafting_table":5,"minecraft:fly_one_cm":67496,"minecraft:player_kills":1,"minecraft:crouch_one_cm":772,"minecraft:play_time":16550,"minecraft:deaths":2,"minecraft:sneak_time":1143,"minecraft:jump":363,"minecraft:time_since_death":5531,"minecraft:climb_one_cm":580,"minecraft:total_world_time":16550,"minecraft:fall_one_cm":7512},"minecraft:used":{"minecraft:stone_sword":47,"minecraft:stone_pickaxe":28,"minecraft:wooden_pickaxe":29,"minecraft:stone_bricks":3,"minecraft:stone_axe":5,"minecraft:cobblestone":5,"minecraft:crafting_table":1},"minecraft:picked_up":{"minecraft:stick":2,"minecraft:jungle_log":6,"minecraft:brown_wool":1,"minecraft:wooden_pickaxe":1,"minecraft:jungle_planks":28,"immersiveengineering:raw_aluminum":8,"undead_unleashed:grave_metal_scrap":1,"minecraft:mossy_cobblestone":1,"minecraft:spider_eye":2,"minecraft:string":6,"minecraft:dirt":12,"hexerei:sage_seed":2,"minecraft:bone":1,"butchersdelight:deadsheep":10,"minecraft:stone_bricks":3,"immersiveengineering:seed":1,"minecraft:wheat_seeds":5,"hexerei:mahogany_sapling":1,"minecraft:black_wool":3,"minecraft:white_wool":6,"minecraft:cobblestone":33},"minecraft:killed_by":{"minecraft:sheep":1,"minecraft:spider":1}},"DataVersion":3120}