{"stats":{"minecraft:mined":{"minecraft:mossy_cobblestone":1,"minecraft:jungle_sign":1,"minecraft:cornflower":1,"butchersdelight:deadsheepblock":1,"minecraft:grass_block":3,"minecraft:campfire":1,"minecraft:tall_grass":9,"minecraft:cobblestone":5,"minecraft:wall_torch":4,"treechop:chopped_log":2,"minecraft:grass":43,"minecraft:oak_log":3,"minecraft:vine":1,"minecraft:yellow_concrete":4,"minecraft:sand":22,"minecraft:dirt":9,"minecraft:stone_bricks":3,"minecraft:stone":30,"minecraft:oak_leaves":3,"immersiveengineering:ore_aluminum":4,"minecraft:jungle_wall_sign":11,"minecraft:tripwire":2,"minecraft:fern":1},"minecraft:dropped":{"minecraft:stone_axe":1,"minecraft:stone_sword":1,"butchersdelight:roaster":1,"butchersdelight:deadsheep":1,"hexerei:mahogany_sapling":1,"immersiveengineering:raw_aluminum":4,"minecraft:cooked_mutton":2,"undead_unleashed:grave_metal_scrap":1,"minecraft:cobweb":7,"minecraft:torch":1,"minecraft:charcoal":2,"minecraft:wooden_pickaxe":1},"minecraft:killed":{"minecraft:cave_spider":2,"minecraft:spider":4,"minecraft:zoglin":1,"minecraft:sheep":11,"cataclysm:deepling_brute":1,"cataclysm:deepling":1,"minecraft:wither_skeleton":1,"boh:jeff_the_killer":1},"minecraft:crafted":{"minecraft:crafting_table":1,"minecraft:wooden_pickaxe":2,"minecraft:stone_axe":2,"minecraft:jungle_planks":24,"minecraft:stick":16,"minecraft:stone_pickaxe":2,"minecraft:stone_sword":1},"minecraft:custom":{"minecraft:interact_with_furnace":7,"minecraft:mob_kills":22,"minecraft:interact_with_crafting_table":7,"minecraft:time_since_death":13291,"minecraft:climb_one_cm":750,"minecraft:time_since_rest":13332,"minecraft:sprint_one_cm":178529,"minecraft:damage_taken":4982,"minecraft:walk_one_cm":189449,"minecraft:drop":17,"minecraft:damage_dealt":3545,"minecraft:swim_one_cm":76749,"minecraft:fly_one_cm":258006,"minecraft:player_kills":1,"minecraft:open_chest":19,"minecraft:crouch_one_cm":1717,"minecraft:play_time":81239,"minecraft:deaths":15,"minecraft:sneak_time":1882,"minecraft:walk_under_water_one_cm":25386,"minecraft:jump":1426,"minecraft:walk_on_water_one_cm":53507,"minecraft:total_world_time":81239,"minecraft:fall_one_cm":27540},"minecraft:used":{"minecraft:cooked_mutton":6,"minecraft:stone_sword":103,"minecraft:stone_pickaxe":29,"minecraft:chest":1,"minecraft:wooden_pickaxe":53,"minecraft:torch":10,"minecraft:sand":16,"hexerei:mahogany_planks":2,"minecraft:crafting_table":2,"minecraft:stone_bricks":3,"minecraft:stone_axe":30,"minecraft:jungle_sign":11,"minecraft:cobblestone":14,"minecraft:cooked_porkchop":4},"minecraft:picked_up":{"minecraft:charcoal":2,"minecraft:crafting_table":1,"minecraft:jungle_log":6,"minecraft:brown_wool":1,"minecraft:wooden_pickaxe":1,"minecraft:gunpowder":1,"minecraft:dirt":30,"minecraft:string":6,"minecraft:cooked_mutton":30,"minecraft:bone":14,"minecraft:stone_bricks":3,"minecraft:kelp":11,"minecraft:wheat_seeds":6,"minecraft:cobweb":1,"hexerei:mahogany_sapling":1,"minecraft:chest":1,"regions_unexplored:redwood_log":3,"minecraft:stick":2,"minecraft:sandstone":8,"minecraft:cooked_porkchop":4,"minecraft:yellow_concrete":1,"minecraft:torch":5,"hexerei:mahogany_planks":5,"immersiveengineering:raw_aluminum":8,"minecraft:jungle_planks":29,"minecraft:sand":27,"undead_unleashed:grave_metal_scrap":1,"minecraft:spider_eye":2,"minecraft:mossy_cobblestone":1,"minecraft:jungle_sign":11,"hexerei:sage_seed":9,"minecraft:arrow":2,"minecraft:stone_sword":1,"butchersdelight:deadsheep":12,"minecraft:rotten_flesh":3,"immersiveengineering:seed":7,"butchersdelight:roaster":1,"minecraft:black_wool":3,"minecraft:coal":2,"minecraft:white_wool":6,"minecraft:cobblestone":34},"minecraft:killed_by":{"minecraft:wither_skeleton":2,"minecraft:sheep":1,"cataclysm:deepling_brute":6,"minecraft:creeper":1,"minecraft:spider":1,"born_in_chaos_v1:zombie_bruiser":1,"minecraft:enderman":1,"minecraft:drowned":1}},"DataVersion":3120}