{"stats":{"minecraft:mined":{"minecraft:mossy_cobblestone":1,"minecraft:cornflower":1,"butchersdelight:deadsheepblock":1,"minecraft:grass_block":3,"minecraft:tall_grass":9,"minecraft:cobblestone":5,"minecraft:wall_torch":3,"treechop:chopped_log":2,"minecraft:grass":42,"minecraft:oak_log":3,"minecraft:vine":1,"minecraft:yellow_concrete":4,"minecraft:sand":22,"minecraft:dirt":9,"minecraft:stone_bricks":3,"minecraft:stone":30,"minecraft:oak_leaves":3,"immersiveengineering:ore_aluminum":4,"minecraft:tripwire":2,"minecraft:fern":1},"minecraft:dropped":{"minecraft:stone_axe":1,"minecraft:stone_sword":1,"hexerei:mahogany_sapling":1,"immersiveengineering:raw_aluminum":4,"minecraft:cobweb":7,"minecraft:torch":1,"minecraft:wooden_pickaxe":1},"minecraft:killed":{"minecraft:cave_spider":2,"minecraft:spider":4,"minecraft:sheep":11,"cataclysm:deepling_brute":1,"cataclysm:deepling":1},"minecraft:crafted":{"minecraft:crafting_table":1,"minecraft:wooden_pickaxe":2,"minecraft:stone_axe":2,"minecraft:jungle_planks":24,"minecraft:stick":16,"minecraft:stone_pickaxe":2,"minecraft:stone_sword":1},"minecraft:custom":{"minecraft:mob_kills":17,"minecraft:interact_with_crafting_table":5,"minecraft:time_since_death":1350,"minecraft:climb_one_cm":750,"minecraft:time_since_rest":1379,"minecraft:sprint_one_cm":113730,"minecraft:damage_taken":2975,"minecraft:walk_one_cm":88797,"minecraft:drop":11,"minecraft:damage_dealt":2402,"minecraft:swim_one_cm":40361,"minecraft:fly_one_cm":185245,"minecraft:player_kills":1,"minecraft:open_chest":3,"minecraft:crouch_one_cm":1491,"minecraft:play_time":40550,"minecraft:deaths":10,"minecraft:sneak_time":1771,"minecraft:walk_under_water_one_cm":15751,"minecraft:jump":925,"minecraft:walk_on_water_one_cm":20022,"minecraft:total_world_time":40550,"minecraft:fall_one_cm":18779},"minecraft:used":{"minecraft:cooked_mutton":1,"minecraft:stone_sword":79,"minecraft:stone_pickaxe":28,"minecraft:wooden_pickaxe":53,"minecraft:torch":3,"minecraft:sand":1,"minecraft:crafting_table":1,"minecraft:stone_bricks":3,"minecraft:stone_axe":30,"minecraft:cobblestone":12,"minecraft:cooked_porkchop":3},"minecraft:picked_up":{"minecraft:jungle_log":6,"minecraft:brown_wool":1,"minecraft:wooden_pickaxe":1,"minecraft:dirt":12,"minecraft:string":6,"minecraft:cooked_mutton":15,"minecraft:bone":6,"minecraft:stone_bricks":3,"minecraft:kelp":11,"minecraft:wheat_seeds":6,"minecraft:cobweb":1,"hexerei:mahogany_sapling":1,"minecraft:stick":2,"minecraft:cooked_porkchop":3,"minecraft:yellow_concrete":1,"minecraft:torch":4,"immersiveengineering:raw_aluminum":8,"minecraft:jungle_planks":28,"minecraft:sand":22,"undead_unleashed:grave_metal_scrap":1,"minecraft:spider_eye":2,"minecraft:mossy_cobblestone":1,"hexerei:sage_seed":7,"minecraft:stone_sword":1,"butchersdelight:deadsheep":11,"minecraft:rotten_flesh":2,"immersiveengineering:seed":7,"minecraft:black_wool":3,"minecraft:white_wool":6,"minecraft:cobblestone":34},"minecraft:killed_by":{"minecraft:sheep":1,"cataclysm:deepling_brute":6,"minecraft:spider":1,"minecraft:drowned":1}},"DataVersion":3120}