{"stats":{"minecraft:dropped":{"minecraft:stone_axe":1,"hexerei:sage_seed":2,"immersiveengineering:raw_aluminum":4,"minecraft:jungle_planks":28,"regions_unexplored:redwood_planks":756,"minecraft:wooden_pickaxe":1,"immersiveengineering:seed":2,"minecraft:bone":1},"minecraft:mined":{"regions_unexplored:redwood_stairs":4,"minecraft:torch":4,"minecraft:grass_block":3,"minecraft:jungle_log":9,"minecraft:cobblestone":2,"minecraft:seagrass":2,"minecraft:tall_seagrass":1,"minecraft:andesite":2,"regions_unexplored:redwood_planks":19,"treechop:chopped_log":8,"hexerei:mahogany_planks":53,"minecraft:grass":14,"hexerei:mahogany_log":1,"minecraft:vine":24,"minecraft:sand":1,"minecraft:dirt":10,"minecraft:stone":50,"regions_unexplored:redwood_log":1,"minecraft:oak_leaves":15,"minecraft:fern":2},"minecraft:killed":{"born_in_chaos_v1:wither_scuttler":1,"minecraft:spider":2,"minecraft:creeper":1},"minecraft:crafted":{"minecraft:oak_planks":32,"minecraft:crafting_table":3,"minecraft:wooden_pickaxe":1,"minecraft:campfire":2,"hexerei:mahogany_planks":260,"minecraft:stone_axe":1,"minecraft:jungle_planks":208,"regions_unexplored:redwood_planks":704,"butchersdelight:roaster":2,"minecraft:stick":8,"minecraft:stone_pickaxe":1,"minecraft:stone_sword":1,"regions_unexplored:redwood_stairs":148},"minecraft:custom":{"minecraft:mob_kills":4,"minecraft:interact_with_crafting_table":11,"minecraft:time_since_death":26115,"minecraft:climb_one_cm":184,"minecraft:time_since_rest":26144,"minecraft:sprint_one_cm":102229,"minecraft:damage_taken":983,"minecraft:walk_one_cm":215723,"minecraft:drop":24,"minecraft:damage_dealt":936,"minecraft:swim_one_cm":5292,"minecraft:fly_one_cm":89367,"minecraft:player_kills":1,"minecraft:open_chest":2,"minecraft:crouch_one_cm":38075,"minecraft:play_time":65713,"minecraft:deaths":3,"minecraft:sneak_time":10981,"minecraft:walk_under_water_one_cm":4773,"minecraft:jump":848,"minecraft:walk_on_water_one_cm":13064,"minecraft:total_world_time":65713,"minecraft:fall_one_cm":14425},"minecraft:used":{"minecraft:stone_sword":18,"minecraft:stone_pickaxe":21,"minecraft:wooden_pickaxe":33,"minecraft:torch":11,"minecraft:dirt":13,"regions_unexplored:redwood_planks":308,"hexerei:mahogany_planks":235,"minecraft:crafting_table":3,"minecraft:yellow_concrete":3,"minecraft:campfire":3,"butchersdelight:roaster":3,"minecraft:stone_axe":212,"minecraft:cooked_porkchop":2,"regions_unexplored:redwood_stairs":132},"minecraft:picked_up":{"minecraft:charcoal":2,"minecraft:jungle_log":52,"minecraft:andesite":2,"minecraft:wooden_pickaxe":1,"minecraft:oak_log":8,"regions_unexplored:redwood_door":4,"minecraft:string":2,"minecraft:dirt":13,"minecraft:cooked_mutton":1,"minecraft:bone":1,"minecraft:apple":1,"minecraft:wheat_seeds":4,"regions_unexplored:redwood_sapling":21,"hexerei:mahogany_sapling":11,"minecraft:jungle_sapling":7,"regions_unexplored:redwood_planks":709,"regions_unexplored:redwood_log":182,"minecraft:stick":43,"hexerei:mahogany_log":65,"minecraft:cooked_porkchop":3,"minecraft:yellow_concrete":3,"minecraft:torch":4,"immersiveengineering:raw_aluminum":4,"minecraft:sand":1,"hexerei:mahogany_planks":23,"undead_unleashed:grave_metal_scrap":1,"minecraft:spider_eye":2,"hexerei:sage_seed":2,"minecraft:rotten_flesh":2,"regions_unexplored:redwood_stairs":4,"immersiveengineering:seed":2,"minecraft:stone_axe":1,"butchersdelight:roaster":1,"minecraft:oak_sapling":3,"minecraft:cobblestone":52},"minecraft:killed_by":{"cataclysm:deepling":1,"cataclysm:deepling_brute":2},"minecraft:broken":{"minecraft:stone_axe":1}},"DataVersion":3120}