{"stats":{"minecraft:dropped":{"minecraft:stone_axe":1,"hexerei:sage_seed":2,"immersiveengineering:raw_aluminum":4,"minecraft:jungle_planks":28,"regions_unexplored:redwood_planks":756,"minecraft:chest":1,"minecraft:wooden_pickaxe":1,"immersiveengineering:seed":2,"minecraft:bone":1},"minecraft:mined":{"regions_unexplored:redwood_stairs":4,"minecraft:torch":4,"minecraft:grass_block":5,"minecraft:jungle_planks":2,"minecraft:chest":1,"minecraft:jungle_log":9,"minecraft:cobblestone":2,"minecraft:seagrass":2,"minecraft:tall_seagrass":1,"minecraft:andesite":2,"regions_unexplored:redwood_planks":26,"treechop:chopped_log":8,"hexerei:mahogany_planks":53,"minecraft:grass":17,"hexerei:mahogany_log":1,"minecraft:vine":24,"minecraft:sand":1,"minecraft:dirt":10,"minecraft:stone":50,"regions_unexplored:redwood_log":1,"minecraft:oak_leaves":15,"minecraft:jungle_wall_sign":2,"minecraft:fern":2},"minecraft:killed":{"born_in_chaos_v1:skeleton_demoman":1,"born_in_chaos_v1:swarmer":1,"born_in_chaos_v1:wither_scuttler":1,"minecraft:spider":2,"minecraft:creeper":4,"born_in_chaos_v1:zombie_bruiser":1,"minecraft:skeleton":1,"minecraft:drowned":1,"born_in_chaos_v1:baby_skeleton_2":1,"minecraft:wither_skeleton":1},"minecraft:crafted":{"minecraft:oak_planks":32,"minecraft:crafting_table":3,"minecraft:wooden_pickaxe":1,"minecraft:campfire":2,"hexerei:mahogany_planks":260,"minecraft:stone_axe":1,"minecraft:jungle_planks":208,"regions_unexplored:redwood_planks":704,"butchersdelight:roaster":2,"minecraft:stick":8,"minecraft:stone_pickaxe":1,"minecraft:stone_sword":1,"minecraft:chest":11,"regions_unexplored:redwood_stairs":148,"minecraft:jungle_sign":9},"minecraft:custom":{"minecraft:mob_kills":13,"minecraft:interact_with_crafting_table":15,"minecraft:time_since_death":12615,"minecraft:climb_one_cm":184,"minecraft:time_since_rest":12657,"minecraft:sprint_one_cm":120567,"minecraft:damage_taken":1348,"minecraft:walk_one_cm":287993,"minecraft:drop":25,"minecraft:damage_dealt":2196,"minecraft:swim_one_cm":6246,"minecraft:fly_one_cm":101476,"minecraft:player_kills":1,"minecraft:open_chest":19,"minecraft:crouch_one_cm":39520,"minecraft:play_time":82402,"minecraft:deaths":4,"minecraft:sneak_time":11882,"minecraft:walk_under_water_one_cm":5332,"minecraft:jump":952,"minecraft:walk_on_water_one_cm":14373,"minecraft:total_world_time":82402,"minecraft:fall_one_cm":16143},"minecraft:used":{"minecraft:stone_sword":49,"minecraft:stone_pickaxe":21,"minecraft:chest":11,"minecraft:wooden_pickaxe":33,"minecraft:torch":11,"minecraft:dirt":39,"regions_unexplored:redwood_planks":344,"hexerei:mahogany_planks":235,"minecraft:crafting_table":3,"minecraft:jungle_planks":19,"minecraft:yellow_concrete":3,"minecraft:campfire":3,"butchersdelight:roaster":3,"minecraft:stone_axe":222,"minecraft:jungle_sign":12,"minecraft:cooked_porkchop":2,"regions_unexplored:redwood_stairs":132},"minecraft:picked_up":{"minecraft:charcoal":2,"minecraft:jungle_log":52,"minecraft:andesite":2,"minecraft:wooden_pickaxe":1,"minecraft:oak_log":10,"minecraft:gunpowder":3,"regions_unexplored:redwood_door":4,"minecraft:string":2,"minecraft:dirt":39,"minecraft:cooked_mutton":1,"minecraft:bone":4,"minecraft:apple":1,"minecraft:wheat_seeds":4,"minecraft:iron_ingot":1,"regions_unexplored:redwood_sapling":21,"hexerei:mahogany_sapling":11,"minecraft:jungle_sapling":7,"regions_unexplored:redwood_planks":716,"minecraft:chest":1,"regions_unexplored:redwood_log":182,"minecraft:stick":43,"hexerei:mahogany_log":65,"minecraft:cooked_porkchop":3,"minecraft:yellow_concrete":3,"minecraft:torch":5,"minecraft:jungle_planks":2,"immersiveengineering:raw_aluminum":4,"minecraft:sand":2,"hexerei:mahogany_planks":23,"undead_unleashed:grave_metal_scrap":6,"minecraft:jungle_sign":3,"minecraft:spider_eye":2,"hexerei:sage_seed":3,"minecraft:slime_ball":2,"minecraft:rotten_flesh":8,"regions_unexplored:redwood_stairs":4,"immersiveengineering:seed":2,"minecraft:stone_axe":1,"butchersdelight:roaster":1,"minecraft:oak_sapling":3,"minecraft:cobblestone":52},"minecraft:killed_by":{"cataclysm:deepling":1,"cataclysm:deepling_brute":2},"minecraft:broken":{"minecraft:stone_axe":1}},"DataVersion":3120}