{"stats":{"minecraft:mined":{"minecraft:andesite":2,"treechop:chopped_log":7,"minecraft:sand":1,"minecraft:grass_block":3,"minecraft:grass":5,"hexerei:mahogany_log":1,"minecraft:dirt":10,"minecraft:vine":21,"minecraft:jungle_log":9,"minecraft:stone":50,"regions_unexplored:redwood_log":1,"minecraft:fern":2},"minecraft:dropped":{"minecraft:stone_axe":1,"hexerei:sage_seed":1,"immersiveengineering:raw_aluminum":4,"minecraft:jungle_planks":28,"minecraft:wooden_pickaxe":1,"immersiveengineering:seed":1,"minecraft:bone":1},"minecraft:killed":{"minecraft:spider":1},"minecraft:crafted":{"regions_unexplored:redwood_planks":704,"minecraft:crafting_table":1,"butchersdelight:roaster":1,"minecraft:stick":8,"minecraft:wooden_pickaxe":1,"minecraft:stone_pickaxe":1,"minecraft:stone_sword":1,"minecraft:stone_axe":1,"hexerei:mahogany_planks":260,"minecraft:jungle_planks":208},"minecraft:custom":{"minecraft:time_since_rest":25702,"minecraft:sprint_one_cm":58541,"minecraft:damage_taken":323,"minecraft:walk_one_cm":121835,"minecraft:mob_kills":2,"minecraft:drop":10,"minecraft:damage_dealt":303,"minecraft:swim_one_cm":5292,"minecraft:interact_with_crafting_table":7,"minecraft:fly_one_cm":65491,"minecraft:open_chest":2,"minecraft:crouch_one_cm":5606,"minecraft:play_time":29713,"minecraft:deaths":1,"minecraft:sneak_time":1835,"minecraft:walk_under_water_one_cm":4773,"minecraft:jump":531,"minecraft:walk_on_water_one_cm":10209,"minecraft:time_since_death":25677,"minecraft:total_world_time":29713,"minecraft:climb_one_cm":184,"minecraft:fall_one_cm":11224},"minecraft:used":{"minecraft:stone_pickaxe":19,"minecraft:wooden_pickaxe":33,"butchersdelight:roaster":1,"minecraft:stone_axe":128,"minecraft:dirt":13,"hexerei:mahogany_planks":57,"minecraft:crafting_table":1,"minecraft:cooked_porkchop":1,"minecraft:campfire":1,"minecraft:yellow_concrete":3},"minecraft:picked_up":{"minecraft:stick":39,"hexerei:mahogany_log":65,"minecraft:cooked_porkchop":3,"minecraft:andesite":2,"minecraft:jungle_log":52,"minecraft:yellow_concrete":3,"minecraft:wooden_pickaxe":1,"minecraft:sand":1,"immersiveengineering:raw_aluminum":4,"minecraft:dirt":13,"hexerei:sage_seed":1,"minecraft:bone":1,"minecraft:rotten_flesh":2,"immersiveengineering:seed":1,"minecraft:stone_axe":1,"minecraft:wheat_seeds":3,"regions_unexplored:redwood_sapling":21,"minecraft:jungle_sapling":7,"hexerei:mahogany_sapling":11,"regions_unexplored:redwood_log":176,"minecraft:cobblestone":50},"minecraft:killed_by":{"cataclysm:deepling":1}},"DataVersion":3120}