{"stats":{"minecraft:mined":{"treechop:chopped_log":7,"minecraft:grass":5,"hexerei:mahogany_log":1,"minecraft:vine":18,"minecraft:jungle_log":9,"minecraft:stone":4,"regions_unexplored:redwood_log":1,"minecraft:fern":2},"minecraft:dropped":{"minecraft:stone_axe":1,"hexerei:sage_seed":1,"immersiveengineering:raw_aluminum":4,"minecraft:jungle_planks":28,"minecraft:wooden_pickaxe":1,"immersiveengineering:seed":1,"minecraft:bone":1},"minecraft:killed":{"minecraft:spider":1},"minecraft:crafted":{"regions_unexplored:redwood_planks":704,"minecraft:crafting_table":1,"hexerei:mahogany_planks":260,"minecraft:jungle_planks":208},"minecraft:custom":{"minecraft:time_since_rest":13702,"minecraft:sprint_one_cm":47101,"minecraft:damage_taken":285,"minecraft:walk_one_cm":68744,"minecraft:mob_kills":2,"minecraft:drop":10,"minecraft:damage_dealt":303,"minecraft:swim_one_cm":4858,"minecraft:interact_with_crafting_table":3,"minecraft:fly_one_cm":49656,"minecraft:crouch_one_cm":2292,"minecraft:play_time":17713,"minecraft:deaths":1,"minecraft:sneak_time":860,"minecraft:walk_under_water_one_cm":2420,"minecraft:jump":295,"minecraft:walk_on_water_one_cm":8012,"minecraft:time_since_death":13677,"minecraft:total_world_time":17713,"minecraft:climb_one_cm":184,"minecraft:fall_one_cm":6444},"minecraft:used":{"minecraft:wooden_pickaxe":4,"minecraft:stone_axe":128,"hexerei:mahogany_planks":2,"minecraft:crafting_table":1},"minecraft:picked_up":{"minecraft:stick":39,"hexerei:mahogany_log":65,"minecraft:jungle_log":52,"minecraft:wooden_pickaxe":1,"immersiveengineering:raw_aluminum":4,"hexerei:sage_seed":1,"minecraft:bone":1,"minecraft:rotten_flesh":2,"immersiveengineering:seed":1,"minecraft:stone_axe":1,"minecraft:wheat_seeds":3,"regions_unexplored:redwood_sapling":21,"minecraft:jungle_sapling":7,"hexerei:mahogany_sapling":11,"regions_unexplored:redwood_log":176,"minecraft:cobblestone":4},"minecraft:killed_by":{"cataclysm:deepling":1}},"DataVersion":3120}