{"stats":{"minecraft:dropped":{"minecraft:wooden_pickaxe":1},"minecraft:mined":{"minecraft:grass":1,"minecraft:vine":7,"minecraft:jungle_log":1,"minecraft:stone":4,"treechop:chopped_log":1,"minecraft:fern":1},"minecraft:custom":{"minecraft:time_since_rest":1702,"minecraft:crouch_one_cm":740,"minecraft:play_time":5713,"minecraft:sprint_one_cm":15957,"minecraft:walk_one_cm":18941,"minecraft:damage_taken":275,"minecraft:deaths":1,"minecraft:sneak_time":144,"minecraft:walk_under_water_one_cm":2420,"minecraft:drop":1,"minecraft:jump":88,"minecraft:damage_dealt":63,"minecraft:time_since_death":1677,"minecraft:walk_on_water_one_cm":7790,"minecraft:total_world_time":5713,"minecraft:swim_one_cm":4858,"minecraft:fly_one_cm":18118,"minecraft:fall_one_cm":1045},"minecraft:used":{"minecraft:stone_axe":8,"minecraft:wooden_pickaxe":4},"minecraft:picked_up":{"minecraft:stick":2,"minecraft:rotten_flesh":2,"minecraft:jungle_log":11,"minecraft:stone_axe":1,"minecraft:wooden_pickaxe":1,"minecraft:jungle_sapling":1,"minecraft:cobblestone":4},"minecraft:killed_by":{"cataclysm:deepling":1}},"DataVersion":3120}