{"stats":{"minecraft:dropped":{"minecraft:stone_axe":1,"hexerei:sage_seed":2,"immersiveengineering:raw_aluminum":4,"minecraft:jungle_planks":28,"regions_unexplored:redwood_planks":756,"minecraft:wooden_pickaxe":1,"immersiveengineering:seed":2,"minecraft:bone":1},"minecraft:mined":{"regions_unexplored:redwood_stairs":4,"minecraft:torch":3,"minecraft:grass_block":3,"minecraft:jungle_log":9,"minecraft:cobblestone":2,"minecraft:seagrass":2,"minecraft:tall_seagrass":1,"minecraft:andesite":2,"regions_unexplored:redwood_planks":13,"treechop:chopped_log":8,"hexerei:mahogany_planks":53,"minecraft:grass":14,"hexerei:mahogany_log":1,"minecraft:vine":24,"minecraft:sand":1,"minecraft:dirt":10,"minecraft:stone":50,"regions_unexplored:redwood_log":1,"minecraft:oak_leaves":15,"minecraft:fern":2},"minecraft:killed":{"minecraft:spider":1},"minecraft:crafted":{"minecraft:oak_planks":32,"minecraft:crafting_table":3,"minecraft:wooden_pickaxe":1,"minecraft:campfire":2,"hexerei:mahogany_planks":260,"minecraft:stone_axe":1,"minecraft:jungle_planks":208,"regions_unexplored:redwood_planks":704,"butchersdelight:roaster":1,"minecraft:stick":8,"minecraft:stone_pickaxe":1,"minecraft:stone_sword":1,"regions_unexplored:redwood_stairs":148},"minecraft:custom":{"minecraft:mob_kills":2,"minecraft:interact_with_crafting_table":10,"minecraft:time_since_death":14115,"minecraft:climb_one_cm":184,"minecraft:time_since_rest":14144,"minecraft:sprint_one_cm":80447,"minecraft:damage_taken":853,"minecraft:walk_one_cm":181709,"minecraft:drop":24,"minecraft:damage_dealt":595,"minecraft:swim_one_cm":5292,"minecraft:fly_one_cm":79095,"minecraft:player_kills":1,"minecraft:open_chest":2,"minecraft:crouch_one_cm":34011,"minecraft:play_time":53713,"minecraft:deaths":3,"minecraft:sneak_time":9146,"minecraft:walk_under_water_one_cm":4773,"minecraft:jump":777,"minecraft:walk_on_water_one_cm":12698,"minecraft:total_world_time":53713,"minecraft:fall_one_cm":13531},"minecraft:used":{"minecraft:stone_sword":10,"minecraft:stone_pickaxe":21,"minecraft:wooden_pickaxe":33,"minecraft:torch":6,"minecraft:dirt":13,"regions_unexplored:redwood_planks":249,"hexerei:mahogany_planks":235,"minecraft:crafting_table":3,"minecraft:yellow_concrete":3,"minecraft:campfire":1,"butchersdelight:roaster":1,"minecraft:stone_axe":206,"minecraft:cooked_porkchop":1,"regions_unexplored:redwood_stairs":132},"minecraft:picked_up":{"minecraft:charcoal":2,"minecraft:jungle_log":52,"minecraft:andesite":2,"minecraft:wooden_pickaxe":1,"minecraft:oak_log":8,"regions_unexplored:redwood_door":4,"minecraft:dirt":13,"minecraft:bone":1,"minecraft:apple":1,"minecraft:wheat_seeds":4,"regions_unexplored:redwood_sapling":21,"hexerei:mahogany_sapling":11,"minecraft:jungle_sapling":7,"regions_unexplored:redwood_planks":703,"regions_unexplored:redwood_log":182,"minecraft:stick":43,"hexerei:mahogany_log":65,"minecraft:cooked_porkchop":3,"minecraft:yellow_concrete":3,"minecraft:torch":3,"immersiveengineering:raw_aluminum":4,"minecraft:sand":1,"hexerei:mahogany_planks":23,"undead_unleashed:grave_metal_scrap":1,"hexerei:sage_seed":2,"minecraft:rotten_flesh":2,"regions_unexplored:redwood_stairs":4,"immersiveengineering:seed":2,"minecraft:stone_axe":1,"butchersdelight:roaster":1,"minecraft:oak_sapling":3,"minecraft:cobblestone":52},"minecraft:killed_by":{"cataclysm:deepling":1,"cataclysm:deepling_brute":2},"minecraft:broken":{"minecraft:stone_axe":1}},"DataVersion":3120}