{
  "minecraft:recipes/woodcutting/jungle/jungle_planks_from_jungle_log_woodcutting": {
    "criteria": {
      "give_recipe": "2024-06-28 04:07:17 +0000"
    },
    "done": true
  },
  "minecraft:recipes/woodcutting/mahogany/polished_mahogany_button_from_mahogany_planks_woodcutting": {
    "criteria": {
      "give_recipe": "2024-06-28 04:10:40 +0000"
    },
    "done": true
  },
  "betterdungeons:root": {
    "criteria": {
      "always": "2024-06-28 04:03:12 +0000"
    },
    "done": true
  },
  "ancient_manuscripts:items/acacia_binding_table": {
    "criteria": {
      "has_recipe": "2024-06-28 04:03:12 +0000"
    },
    "done": true
  },
  "dnl:entity/guardian_ghast/hurt": {
    "criteria": {
      "not_projectile": "2024-06-28 04:05:07 +0000"
    },
    "done": false
  },
  "minecraft:recipes/woodcutting/jungle/jungle_pressure_plate_from_jungle_planks_woodcutting": {
    "criteria": {
      "give_recipe": "2024-06-28 04:09:54 +0000"
    },
    "done": true
  },
  "minecraft:adventure/kill_a_mob": {
    "criteria": {
      "minecraft:spider": "2024-06-28 04:14:40 +0000"
    },
    "done": true
  },
  "dnl:util/entity_hit_matching/on_hurt": {
    "criteria": {
      "not_projectile": "2024-06-28 04:09:11 +0000",
      "is_projectile": "2024-06-28 04:06:31 +0000",
      "blocked_false": "2024-06-28 04:06:31 +0000"
    },
    "done": false
  },
  "minecraft:recipes/woodcutting/mahogany/mahogany_planks_from_mahogany_log_woodcutting": {
    "criteria": {
      "give_recipe": "2024-06-28 04:08:18 +0000"
    },
    "done": true
  },
  "minecraft:recipes/woodcutting/mahogany/polished_mahogany_pillar_from_mahogany_log_woodcutting": {
    "criteria": {
      "give_recipe": "2024-06-28 04:08:18 +0000"
    },
    "done": true
  },
  "minecraft:recipes/woodcutting/mahogany/polished_mahogany_fence_from_mahogany_planks_woodcutting": {
    "criteria": {
      "give_recipe": "2024-06-28 04:10:40 +0000"
    },
    "done": true
  },
  "naturescompass:natures_compass": {
    "criteria": {
      "has_recipe": "2024-06-28 04:03:12 +0000"
    },
    "done": true
  },
  "minecraft:recipes/woodcutting/jungle/jungle_trapdoor_from_jungle_planks_woodcutting": {
    "criteria": {
      "give_recipe": "2024-06-28 04:09:54 +0000"
    },
    "done": true
  },
  "minecraft:recipes/woodcutting/mahogany/polished_mahogany_layered_from_mahogany_planks_woodcutting": {
    "criteria": {
      "give_recipe": "2024-06-28 04:10:40 +0000"
    },
    "done": true
  },
  "regions_unexplored:parent": {
    "criteria": {
      "load_in_world": "2024-06-28 04:03:14 +0000"
    },
    "done": true
  },
  "minecraft:story/mine_stone": {
    "criteria": {
      "get_stone": "2024-06-28 04:07:30 +0000"
    },
    "done": true
  },
  "minecraft:recipes/woodcutting/mahogany/polished_mahogany_fence_gate_from_mahogany_planks_woodcutting": {
    "criteria": {
      "give_recipe": "2024-06-28 04:10:40 +0000"
    },
    "done": true
  },
  "minecraft:recipes/woodcutting/mahogany/polished_mahogany_pressure_plate_from_mahogany_planks_woodcutting": {
    "criteria": {
      "give_recipe": "2024-06-28 04:10:40 +0000"
    },
    "done": true
  },
  "minecraft:recipes/woodcutting/mahogany/mahogany_chest_boat_from_mahogany_planks_woodcutting": {
    "criteria": {
      "give_recipe": "2024-06-28 04:10:40 +0000"
    },
    "done": true
  },
  "minecraft:recipes/woodcutting/mahogany/mahogany_sign_from_mahogany_planks_woodcutting": {
    "criteria": {
      "give_recipe": "2024-06-28 04:10:40 +0000"
    },
    "done": true
  },
  "minecraft:recipes/woodcutting/jungle/jungle_boat_from_jungle_planks_woodcutting": {
    "criteria": {
      "give_recipe": "2024-06-28 04:09:54 +0000"
    },
    "done": true
  },
  "minecraft:adventure/adventuring_time": {
    "criteria": {
      "minecraft:beach": "2024-06-28 04:03:14 +0000",
      "minecraft:sparse_jungle": "2024-06-28 04:06:51 +0000",
      "minecraft:lukewarm_ocean": "2024-06-28 04:05:13 +0000",
      "minecraft:river": "2024-06-28 04:04:59 +0000",
      "minecraft:plains": "2024-06-28 04:03:33 +0000"
    },
    "done": false
  },
  "minecraft:recipes/woodcutting/jungle/crafting_table_from_jungle_planks_woodcutting": {
    "criteria": {
      "give_recipe": "2024-06-28 04:09:54 +0000"
    },
    "done": true
  },
  "minecraft:recipes/woodcutting/jungle/jungle_slab_from_jungle_planks_woodcutting": {
    "criteria": {
      "give_recipe": "2024-06-28 04:09:54 +0000"
    },
    "done": true
  },
  "undead_unleashed:undead_unleashed": {
    "criteria": {
      "undead_unleashed": "2024-06-28 04:03:11 +0000"
    },
    "done": true
  },
  "minecraft:recipes/woodcutting/jungle/jungle_chest_boat_from_jungle_planks_woodcutting": {
    "criteria": {
      "give_recipe": "2024-06-28 04:09:54 +0000"
    },
    "done": true
  },
  "minecraft:recipes/woodcutting/mahogany/mahogany_button_from_mahogany_planks_woodcutting": {
    "criteria": {
      "give_recipe": "2024-06-28 04:10:40 +0000"
    },
    "done": true
  },
  "minecraft:recipes/woodcutting/jungle/jungle_fence_gate_from_jungle_planks_woodcutting": {
    "criteria": {
      "give_recipe": "2024-06-28 04:09:54 +0000"
    },
    "done": true
  },
  "aquamirae:adventure/root": {
    "criteria": {
      "crafting_table": "2024-06-28 04:09:59 +0000"
    },
    "done": true
  },
  "minecraft:husbandry/root": {
    "criteria": {
      "consumed_item": "2024-06-28 04:24:34 +0000"
    },
    "done": true
  },
  "regions_unexplored:got_wood": {
    "criteria": {
      "redwood_log": "2024-06-28 04:12:57 +0000"
    },
    "done": false
  },
  "minecraft:recipes/woodcutting/mahogany/polished_mahogany_stairs_from_mahogany_planks_woodcutting": {
    "criteria": {
      "give_recipe": "2024-06-28 04:10:40 +0000"
    },
    "done": true
  },
  "minecraft:recipes/woodcutting/mahogany/polished_mahogany_pillar_from_mahogany_planks_woodcutting": {
    "criteria": {
      "give_recipe": "2024-06-28 04:10:40 +0000"
    },
    "done": true
  },
  "minecraft:recipes/woodcutting/mahogany/crafting_table_from_mahogany_planks_woodcutting": {
    "criteria": {
      "give_recipe": "2024-06-28 04:10:40 +0000"
    },
    "done": true
  },
  "minecraft:adventure/root": {
    "criteria": {
      "killed_by_something": "2024-06-28 04:06:31 +0000"
    },
    "done": true
  },
  "ancient_manuscripts:items/mangrove_binding_table": {
    "criteria": {
      "has_recipe": "2024-06-28 04:03:12 +0000"
    },
    "done": true
  },
  "ancient_manuscripts:items/crimson_binding_table": {
    "criteria": {
      "has_recipe": "2024-06-28 04:03:12 +0000"
    },
    "done": true
  },
  "minecraft:recipes/woodcutting/mahogany/mahogany_fence_gate_from_mahogany_planks_woodcutting": {
    "criteria": {
      "give_recipe": "2024-06-28 04:10:40 +0000"
    },
    "done": true
  },
  "minecraft:recipes/woodcutting/mahogany/polished_mahogany_door_from_mahogany_planks_woodcutting": {
    "criteria": {
      "give_recipe": "2024-06-28 04:10:40 +0000"
    },
    "done": true
  },
  "minecraft:recipes/woodcutting/mahogany/polished_mahogany_connected_from_mahogany_planks_woodcutting": {
    "criteria": {
      "give_recipe": "2024-06-28 04:10:40 +0000"
    },
    "done": true
  },
  "minecraft:recipes/woodcutting/mahogany/mahogany_connected_from_mahogany_planks_woodcutting": {
    "criteria": {
      "give_recipe": "2024-06-28 04:10:40 +0000"
    },
    "done": true
  },
  "minecraft:recipes/woodcutting/mahogany/mahogany_door_from_mahogany_planks_woodcutting": {
    "criteria": {
      "give_recipe": "2024-06-28 04:10:40 +0000"
    },
    "done": true
  },
  "minecraft:recipes/woodcutting/mahogany/polished_mahogany_connected_from_mahogany_log_woodcutting": {
    "criteria": {
      "give_recipe": "2024-06-28 04:08:18 +0000"
    },
    "done": true
  },
  "minecraft:recipes/woodcutting/mahogany/polished_mahogany_planks_from_mahogany_log_woodcutting": {
    "criteria": {
      "give_recipe": "2024-06-28 04:08:18 +0000"
    },
    "done": true
  },
  "ancient_manuscripts:items/jungle_binding_table": {
    "criteria": {
      "has_recipe": "2024-06-28 04:03:12 +0000"
    },
    "done": true
  },
  "ancient_manuscripts:items/spruce_binding_table": {
    "criteria": {
      "has_recipe": "2024-06-28 04:03:12 +0000"
    },
    "done": true
  },
  "cataclysm:root": {
    "criteria": {
      "custom_test_name": "2024-06-28 04:03:12 +0000"
    },
    "done": true
  },
  "minecraft:recipes/woodcutting/mahogany/mahogany_chest_from_mahogany_planks_woodcutting": {
    "criteria": {
      "give_recipe": "2024-06-28 04:10:40 +0000"
    },
    "done": true
  },
  "minecraft:adventure/kill_all_mobs": {
    "criteria": {
      "minecraft:spider": "2024-06-28 04:14:40 +0000"
    },
    "done": false
  },
  "minecraft:recipes/woodcutting/mahogany/mahogany_fence_from_mahogany_planks_woodcutting": {
    "criteria": {
      "give_recipe": "2024-06-28 04:10:40 +0000"
    },
    "done": true
  },
  "minecraft:recipes/woodcutting/jungle/barrel_from_jungle_planks_woodcutting": {
    "criteria": {
      "give_recipe": "2024-06-28 04:09:54 +0000"
    },
    "done": true
  },
  "minecraft:recipes/woodcutting/mahogany/polished_mahogany_chest_boat_from_mahogany_planks_woodcutting": {
    "criteria": {
      "give_recipe": "2024-06-28 04:10:40 +0000"
    },
    "done": true
  },
  "minecraft:recipes/woodcutting/jungle/jungle_door_from_jungle_planks_woodcutting": {
    "criteria": {
      "give_recipe": "2024-06-28 04:09:54 +0000"
    },
    "done": true
  },
  "minecraft:recipes/woodcutting/mahogany/polished_mahogany_planks_from_mahogany_planks_woodcutting": {
    "criteria": {
      "give_recipe": "2024-06-28 04:10:40 +0000"
    },
    "done": true
  },
  "minecraft:recipes/woodcutting/jungle/chest_from_jungle_planks_woodcutting": {
    "criteria": {
      "give_recipe": "2024-06-28 04:09:54 +0000"
    },
    "done": true
  },
  "minecraft:husbandry/balanced_diet": {
    "criteria": {
      "cooked_porkchop": "2024-06-28 04:24:34 +0000"
    },
    "done": false
  },
  "minecraft:recipes/woodcutting/mahogany/polished_mahogany_sign_from_mahogany_planks_woodcutting": {
    "criteria": {
      "give_recipe": "2024-06-28 04:10:40 +0000"
    },
    "done": true
  },
  "minecraft:recipes/woodcutting/jungle/jungle_sign_from_jungle_planks_woodcutting": {
    "criteria": {
      "give_recipe": "2024-06-28 04:09:54 +0000"
    },
    "done": true
  },
  "regions_unexplored:regions_explored": {
    "criteria": {
      "grassy_beach": "2024-06-28 04:03:49 +0000",
      "redwoods": "2024-06-28 04:12:21 +0000"
    },
    "done": false
  },
  "endofherobrine:story/root": {
    "criteria": {
      "requirement": "2024-06-28 04:05:00 +0000"
    },
    "done": true
  },
  "minecraft:recipes/woodcutting/mahogany/barrel_from_mahogany_planks_woodcutting": {
    "criteria": {
      "give_recipe": "2024-06-28 04:10:40 +0000"
    },
    "done": true
  },
  "minecraft:recipes/woodcutting/jungle/jungle_stairs_from_jungle_planks_woodcutting": {
    "criteria": {
      "give_recipe": "2024-06-28 04:09:54 +0000"
    },
    "done": true
  },
  "betterdeserttemples:root": {
    "criteria": {
      "always": "2024-06-28 04:03:12 +0000"
    },
    "done": true
  },
  "minecraft:recipes/woodcutting/mahogany/polished_mahogany_slab_from_mahogany_planks_woodcutting": {
    "criteria": {
      "give_recipe": "2024-06-28 04:10:40 +0000"
    },
    "done": true
  },
  "naturescompass:natures_compass_log": {
    "criteria": {
      "has_recipe": "2024-06-28 04:03:12 +0000"
    },
    "done": true
  },
  "ancient_manuscripts:items/warped_binding_table": {
    "criteria": {
      "has_recipe": "2024-06-28 04:03:12 +0000"
    },
    "done": true
  },
  "minecraft:recipes/woodcutting/jungle/jungle_button_from_jungle_planks_woodcutting": {
    "criteria": {
      "give_recipe": "2024-06-28 04:09:54 +0000"
    },
    "done": true
  },
  "naturescompass:natures_compass_sapling": {
    "criteria": {
      "has_recipe": "2024-06-28 04:03:12 +0000"
    },
    "done": true
  },
  "minecraft:story/upgrade_tools": {
    "criteria": {
      "stone_pickaxe": "2024-06-28 04:20:15 +0000"
    },
    "done": true
  },
  "minecraft:recipes/woodcutting/mahogany/mahogany_connected_from_mahogany_log_woodcutting": {
    "criteria": {
      "give_recipe": "2024-06-28 04:08:18 +0000"
    },
    "done": true
  },
  "ancient_manuscripts:items/dark_oak_binding_table": {
    "criteria": {
      "has_recipe": "2024-06-28 04:03:12 +0000"
    },
    "done": true
  },
  "ancient_manuscripts:items/oak_binding_table": {
    "criteria": {
      "has_recipe": "2024-06-28 04:03:12 +0000"
    },
    "done": true
  },
  "minecraft:story/root": {
    "criteria": {
      "crafting_table": "2024-06-28 04:09:59 +0000"
    },
    "done": true
  },
  "regions_unexplored:pioneer": {
    "criteria": {
      "grassy_beach": "2024-06-28 04:03:49 +0000",
      "redwoods": "2024-06-28 04:12:21 +0000"
    },
    "done": false
  },
  "minecraft:recipes/woodcutting/mahogany/polished_mahogany_layered_from_mahogany_log_woodcutting": {
    "criteria": {
      "give_recipe": "2024-06-28 04:08:18 +0000"
    },
    "done": true
  },
  "minecraft:recipes/woodcutting/mahogany/mahogany_slab_from_mahogany_planks_woodcutting": {
    "criteria": {
      "give_recipe": "2024-06-28 04:10:40 +0000"
    },
    "done": true
  },
  "ancient_manuscripts:items/birch_binding_table": {
    "criteria": {
      "has_recipe": "2024-06-28 04:03:12 +0000"
    },
    "done": true
  },
  "minecraft:recipes/woodcutting/mahogany/polished_mahogany_trapdoor_from_mahogany_planks_woodcutting": {
    "criteria": {
      "give_recipe": "2024-06-28 04:10:40 +0000"
    },
    "done": true
  },
  "minecraft:recipes/woodcutting/mahogany/polished_mahogany_boat_from_mahogany_planks_woodcutting": {
    "criteria": {
      "give_recipe": "2024-06-28 04:10:40 +0000"
    },
    "done": true
  },
  "minecraft:recipes/woodcutting/mahogany/mahogany_stairs_from_mahogany_planks_woodcutting": {
    "criteria": {
      "give_recipe": "2024-06-28 04:10:40 +0000"
    },
    "done": true
  },
  "ancient_manuscripts:items/enchanted_book_glue": {
    "criteria": {
      "has_recipe": "2024-06-28 04:03:12 +0000"
    },
    "done": true
  },
  "minecraft:recipes/woodcutting/jungle/jungle_fence_from_jungle_planks_woodcutting": {
    "criteria": {
      "give_recipe": "2024-06-28 04:09:54 +0000"
    },
    "done": true
  },
  "ancient_manuscripts:items/empty_glue_bottle": {
    "criteria": {
      "has_recipe": "2024-06-28 04:03:12 +0000"
    },
    "done": true
  },
  "minecraft:recipes/woodcutting/mahogany/mahogany_pressure_plate_from_mahogany_planks_woodcutting": {
    "criteria": {
      "give_recipe": "2024-06-28 04:10:40 +0000"
    },
    "done": true
  },
  "minecraft:recipes/woodcutting/mahogany/mahogany_trapdoor_from_mahogany_planks_woodcutting": {
    "criteria": {
      "give_recipe": "2024-06-28 04:10:40 +0000"
    },
    "done": true
  },
  "minecraft:recipes/woodcutting/mahogany/mahogany_boat_from_mahogany_planks_woodcutting": {
    "criteria": {
      "give_recipe": "2024-06-28 04:10:40 +0000"
    },
    "done": true
  },
  "repurposed_structures:root": {
    "criteria": {
      "always": "2024-06-28 04:03:12 +0000"
    },
    "done": true
  },
  "DataVersion": 3120
}